Number of Clusters,Davies-Bouldin Index,Silhouette Score
2,0.6267041632486106,0.550116764559775
3,0.7086602453786267,0.44629823293822773
4,0.72127971818163,0.44975010590006376
5,0.776661054409607,0.3967874862142591
6,0.8225097930004995,0.3933934953774129
7,0.8784064420590588,0.3681703968982478
8,0.9431716964107779,0.3321921199702499
9,0.8806615966652985,0.3586369953960963
10,0.8137535659308256,0.3659893094043256
